Workbook

Sheet Leia primeiro
A1: RECRIA CALENDÁRIO · PLANILHA
A2: Bônus do e-book Recria Calendário
A4: Como usar
A5: 1. Aba Cliente: escreva as dores, os desejos, as objeções e as perguntas do seu cliente.
A6: 2. Aba Calendário: preencha 1 linha por post. Use as listas de seleção (clique na célula e na setinha).
A7: 3. Aba Resumo: veja se as proporções dos pilares estão perto de 40% Educar, 25% Conectar, 20% Provar e 15% Vender.
A8: 4. Aba Datas: confira as datas do ano e acrescente as do seu nicho.
A9: 5. Aba Banco de ganchos: copie os modelos e troque o que está entre colchetes.
A10: 6. Aba Revisão do mês: no fim do mês, anote os resultados por formato para repetir o que funcionou.
A12: Dicas
A13: - Termine o calendário do mês 1 a 2 semanas antes de o mês começar.
A14: - Nunca coloque dois posts de venda seguidos.
... A18: Recria · Recriando marketing, simplificando vendas · agenciarecria.com.br

Sheet Cliente
A1: Dores | B1: Desejos | C1: Objeções | D1: Perguntas frequentes

Sheet Calendário
A1: Data | B1: Dia da semana | C1: Rede | D1: Formato | E1: Pilar | F1: Funil | G1: Objetivo | H1: Tema | I1: Gancho (completo) | J1: Chamada para ação | K1: Stories do dia (tipo e gancho) | L1: Status
B2: =IF(A2="","",TEXT(A2,"dddd")) | C2: Instagram | D2: Carrossel | E2: Educar | F2: Topo | G2: Atrair | H2: (exemplo) Sinais de que a ração não serve | I2: 3 sinais de que a ração do seu cão não está servindo | J2: Salve para consultar depois | K2: Enquete: 'Seu cão come rápido demais?' | L2: A fazer
B3: =IF(A3="","",TEXT(A3,"dddd"))
B4: =IF(A4="","",TEXT(A4,"dddd"))
B5: =IF(A5="","",TEXT(A5,"dddd"))
B6: =IF(A6="","",TEXT(A6,"dddd"))
B7: =IF(A7="","",TEXT(A7,"dddd"))
B8: =IF(A8="","",TEXT(A8,"dddd"))
B9: =IF(A9="","",TEXT(A9,"dddd"))
B10: =IF(A10="","",TEXT(A10,"dddd"))
B11: =IF(A11="","",TEXT(A11,"dddd"))
B12: =IF(A12="","",TEXT(A12,"dddd"))
B13: =IF(A13="","",TEXT(A13,"dddd"))
B14: =IF(A14="","",TEXT(A14,"dddd"))
... B41: =IF(A41="","",TEXT(A41,"dddd"))

Sheet Resumo
A1: Pilar | B1: Posts no mês | C1: % do total | D1: Meta
A2: Educar | B2: =COUNTIF('Calendário'!E2:E41,A2) | C2: =IF(SUM($B$2:$B$5)=0,0,B2/SUM($B$2:$B$5)) | D2: 0.4
A3: Conectar | B3: =COUNTIF('Calendário'!E2:E41,A3) | C3: =IF(SUM($B$2:$B$5)=0,0,B3/SUM($B$2:$B$5)) | D3: 0.25
A4: Provar | B4: =COUNTIF('Calendário'!E2:E41,A4) | C4: =IF(SUM($B$2:$B$5)=0,0,B4/SUM($B$2:$B$5)) | D4: 0.2
A5: Vender | B5: =COUNTIF('Calendário'!E2:E41,A5) | C5: =IF(SUM($B$2:$B$5)=0,0,B5/SUM($B$2:$B$5)) | D5: 0.15
A6: Total | B6: =SUM(B2:B5)
A8: Formato | B8: Posts no mês
A9: Reels | B9: =COUNTIF('Calendário'!D2:D41,A9)
A10: Carrossel | B10: =COUNTIF('Calendário'!D2:D41,A10)
A11: Foto | B11: =COUNTIF('Calendário'!D2:D41,A11)
A12: Stories | B12: =COUNTIF('Calendário'!D2:D41,A12)
A14: Funil | B14: Posts no mês
A15: Topo | B15: =COUNTIF('Calendário'!F2:F41,A15)
A16: Meio | B16: =COUNTIF('Calendário'!F2:F41,A16)
A17: Fundo | B17: =COUNTIF('Calendário'!F2:F41,A17)
A19: Confira: nenhum post de venda seguido de outro? Os três momentos do funil aparecem?

Sheet Datas
A1: Mês | B1: Datas fixas e campanhas | C1: Datas do meu nicho (preencha)
A2: Janeiro | B2: Ano-Novo (1/1) · Janeiro Branco (saúde mental) · Volta às aulas e liquidações de verão
A3: Fevereiro | B3: Carnaval (data móvel) · Fevereiro Laranja e Roxo (campanhas de saúde) · Volta às aulas
A4: Março | B4: Dia Internacional da Mulher (8/3) · Dia do Consumidor (15/3) · Início do outono
A5: Abril | B5: Páscoa (móvel) · Tiradentes (21/4) · Abril Azul
A6: Maio | B6: Dia do Trabalhador (1/5) · Dia das Mães (2º domingo)
A7: Junho | B7: Dia do Meio Ambiente (5/6) · Dia dos Namorados (12/6) · Festas juninas
A8: Julho | B8: Dia do Amigo (20/7) · Férias escolares
A9: Agosto | B9: Dia dos Pais (2º domingo) · Dia do Estudante (11/8) · Dia do Folclore (22/8)
A10: Setembro | B10: Independência (7/9) · Setembro Amarelo (10/9) · Dia do Cliente (15/9) · Início da primavera
A11: Outubro | B11: Dia das Crianças (12/10) · Dia do Professor (15/10) · Dia do Comerciante (16/10) · Outubro Rosa
A12: Novembro | B12: Finados (2/11) · Consciência Negra (20/11) · Novembro Azul · Black Friday e Cyber Monday (fim do mês, a data varia)
A13: Dezembro | B13: Dezembro Vermelho · Natal (25/12) · Virada do ano
A15: Confirme as datas todo ano: várias são móveis. Acrescente as datas do seu nicho (ex.: Dia do Gato e Dia do Cachorro para pet shops).

Sheet Banco de ganchos
A1: Pilar | B1: Modelo de gancho (troque o que está entre colchetes) | C1: Meu gancho
A2: Educar | B2: 3 erros que [seu público] comete ao [ação]
A3: Educar | B3: O passo a passo para [resultado] em [tempo]
A4: Educar | B4: Mito ou verdade: [crença comum do seu nicho]
A5: Educar | B5: Se eu começasse [atividade] hoje, eu faria isto
A6: Educar | B6: [Número] sinais de que [problema] está acontecendo
A7: Educar | B7: O que ninguém te conta sobre [tema]
A8: Educar | B8: Como escolher [produto ou serviço]: o que olhar antes de comprar
A9: Educar | B9: [Tema] explicado em 30 segundos
A10: Educar | B10: Antes de [ação], faça estas [número] perguntas
A11: Educar | B11: Diferença entre [A] e [B] (e qual serve para você)
A12: Conectar | B12: O dia em que quase desisti de [coisa] (e o que me fez continuar)
A13: Conectar | B13: Bastidores: como [produto] é feito, do começo ao fim
... A41: Vender | B41: Resultados de quem já comprou [produto]

Sheet Revisão do mês
A1: Formato | B1: Nº de posts | C1: Alcance médio | D1: Salvamentos | E1: Compartilhamentos | F1: Mensagens | G1: Repetir? (sim/não) | H1: Observação
A2: Reels
A3: Carrossel
A4: Foto
A5: Stories
A8: Top 3 do mês | B8: Pilar | C8: Formato | D8: Gancho | E8: Dia e horário | F8: Por que funcionou? | G8: Variação para o próximo mês
A9: 1º
A10: 2º
A11: 3º
